"Timestamp","Username","The conference runs from Friday morning until Saturday late afternoon. Please confirm which of these days you are attending the conference (or tick both options)","Outline what your proposed session is about and why you think this would be of interest to the conference community? (approx 150 words/999 characters) ","Session Benefits ","Which of the conference themes do you feel your session is most aligned to (choose just one) ","
What do you normally do to keep your workshops and sessions on schedule and not run over time?","What facilitation skills and expertise will be the focus of your session? ","
Who is this session most suitable for? Please briefly describe the facilitators who would benefit most from attending.
For example: new facilitators, people who facilitate within an organisation, independent facilitators, or facilitation business owners.","Are you planning to facilitate alone or with a co-facilitator? What is your reason for this choice?
If you are working with others... Please tell us how each person will support the session and contribute to participants' learning.","#Facilitate27 will be a large-scale event, with over 150 participants.

It is likely that you may have around 50 people attending your session. 
There will be some very limited spaces suitable for groups of around 20 to be accommodated in the venue. 

Imagining your planned session, what would be your ideal set up?","
Your Large Group Experiences 
Facilitating a large group can require different skills and approaches. Please share an example of a session where you worked with more than 50 participants. What was most challenging, and how did you adapt your facilitation to meet the needs of a larger group?
(Approx 250 words) ","
At the IAF Conference, we value participation and interaction. 
Large-group sessions can still create meaningful opportunities for people to contribute, discuss ideas, and learn together. 
Please select the methods you may use to support participation and engagement in your session. 
Tick all that apply.","
Building in Participation to a Workshop
The start of a workshop can help people feel confident and involved. 
Please describe one thing you often do in the first 10 minutes of a session to encourage participants to join in and engage with others.","Tell us briefly about your facilitation journey - when did you start in this work and what have been some of your most significant learning experiences both in practice and through learning and development experiences? ","Are you a member of IAF?","We are keen to support those members who have completed our accreditation programme to demonstrate their skills as a session host.
Which (if any) of these IAF accreditations do you have?","
Many conference participants will not speak English as their first language. Please tell us about any experience you have facilitating groups in English, where English was an additional language for many participants. 
What did you learn, and how did you adapt your facilitation approach to help everyone participate and engage?","What is your full name that you would want to use on the conference programme ","Names of any co-facilitators ","Please tell us which country you based in currently ","How would you describe your ethnicity?","Where would you describe yourself in terms of your career stage? ","Are you under 35? 
(We're aiming for at least 10% of session hosts to be under 35.)","What gender do you identify with? This helps us monitor diversity across our conference programme","Before submitting this application please confirm the following ",""
"2026/08/21 8:49:42 PM GMT+3","christinebell3@btinternet.com","Friday x April from 9.30 to 16.30","The importance of cardigans in the facilitators wardrobe","If our cardigan is too thick it will make us hot and no one wants to see a facilitator sweat","CHANGE - The evolution of facilitation and emerging practices for the future: Artificial intelligence, hybrid formats and new tools and ways of designing and facilitating are reshaping how we do things. Explore what this means for facilitators today, and in the years ahead.","I use a taser","Highlighting a new or under used faciliation skill or technique;Give a facilitated experience of an approach;Reflection on an important element of facilitation practice","Anyone who wears cardigans","alone","50 people around 8-10 tables;I am very flexible, this session will work with any group size and room set up","300 people I hated it ","Reflective pauses - when participants work on their own for short periods;Drama","The taser works well ","Its been a long one","Yes","none of these but have other qualifications","I speak slowly and very loud","Cardigan Cathy ","","England and Wales","","","","","I have already paid and registered for the conference",""
"2026/08/21 10:00:02 PM GMT+3","angeltakooree@gmail.com","Friday x April from 9.30 to 16.30;Saturday x April from 9.30 to 16.30","Lorem ipsum dolor sit amet, consectetur adipiscing elit. Sed do eiusmod tempor incididunt ut labore et dolore magna aliqua. Ut enim ad minim veniam, quis nostrud exercitation ullamco laboris nisi ut aliquip ex ea commodo consequat. Duis aute irure dolor in reprehenderit in voluptate velit esse cillum dolore eu fugiat nulla pariatur. Excepteur sint occaecat cupidatat non proident, sunt in culpa qui officia deserunt mollit anim id est laborum.

Curabitur pretium tincidunt lacus. Nulla gravida orci a odio. Nullam varius, turpis et commodo pharetra, est eros bibendum elit, nec luctus magna felis sollicitudin mauris. Integer in mauris eu nibh euismod gravida. Duis ac tellus et risus vulputate vehicula. Donec lobortis risus a elit. Etiam tempor. Ut ullamcorper, ligula eu tempor congue, eros est euismod turpis, id tincidunt sapien risus a quam. Maecenas fermentum consequat mi. Donec fermentum. Pellentesque malesuada nulla a mi. Duis sapien sem, aliquet nec, commodo eget, consequat quis, neq","Lorem ipsum dolor sit amet, consectetur adipiscing elit. Sed do eiusmod tempor incididunt ut labore et dolore magna aliqua. Ut enim ad minim veniam, quis nostrud exercitation ullamco laboris nisi ut aliquip ex ea commodo consequat. Duis aute irure dolor in reprehenderit in voluptate velit esse cillum dolore eu fugiat nulla pariatur. Excepteur sint occaecat cupidatat non proident, sunt in culpa qui officia deserunt mollit anim id est laborum.

Curabitur pretium tincidunt lacus. Nulla gravida orci a odio. Nullam varius, turpis et commodo pharetra, est eros bibendum elit, nec luctus magna felis sollicitudin mauris. Integer in mauris eu nibh euismod gravida. Duis ac tellus et risus vulputate vehicula. Donec lobortis risus a elit. Etiam tempor. Ut ullamcorper, ligula eu tempor congue, eros est euismod turpis, id tincidunt sapien risus a quam. Maecenas fermentum consequat mi. Donec fermentum. Pellentesque malesuada nulla a mi. Duis sapien sem, aliquet nec, commodo eget, consequat quis, neq","CRAFT - The foundations of the profession: skills, ethics, and the tools every facilitator relies on. Strengthen what you already do well, and learn what you don't know yet.","timer","stuff","aliens","on my own","2000 ","not sure what the word limit is here to know how much detail you need for this question. ","Reflective pauses - when participants work on their own for short periods;Pairs discussion;Card sort type activities;Creative materials eg building something or creating a collage;Post it notes for brainstorming and clustering;Physical movement;Drama;Case study;Small group discussion;this can be left blank - so it might need an option to fill in before the next question?","hop","yesterday ","Yes","none of these but have other qualifications","used visuals","bob","","England and Wales","Other ethnic group","Mid career","No","Female","I have already paid and registered for the conference;If selected I know I must order a ticket for the conference and will do this if my session is confirmed;If I have a co-facilitator they also will need to register to attend the conference","bob - this is two questions in one - might be easier from export if this was separate ? "
"2026/08/22 12:25:55 AM GMT+3","paul.brand@risksol.co.uk","Friday x April from 9.30 to 16.30;Saturday x April from 9.30 to 16.30","Making systems thinking sessions that actually work!","Systems Mapping always seem like 'the answer' for groups trying to grasp the implications of their decisions in an impossibly complex world.  Sadly. the result is often either a very pretty picture or a tangled hairball of blobs and lines.  The the impact is limited.  A senior leader in a government agency recently said to me ""If one more person shows me a node and link diagram I'll scream...."".

In this session we will look at the spectrum of ""systems diagrams"" (based on the UK Gov systems guide for Policy Makers). We will recognise key reasons why these systems exercises fail to deliver value outside the group who drew the map. We will explore what really works - all through experiencing a (small) system mapping process.

Come and play.  Go away with the starting principle you need to have a go - and lead systems sessions that actually work.","CRAFT - The foundations of the profession: skills, ethics, and the tools every facilitator relies on. Strengthen what you already do well, and learn what you don't know yet.","Minimise introductory chat  - direct people to resources where they can learn more - tell them only what they absilutely NEED to do this workshop.  Get to the ""work"" ASAP and in a session this short - do it in 2-3 'bursts' of activity against the clock.  In this particular case - the agenda is actually an updated version of 60% of a workshop I have done before in 90 mins so it should fit just fine.","Provide practice in using a skill or technique;Give a facilitated experience of an approach","
Could be applied by faciliators at almost any level but the session is about how to facilitate this specific type of group work - rather than on basic facilitation skills (although those should be demonstrated)","If the groups are larger than 30 I would expect to work with one or more support facilitators who I know already understand the systems group work process, but I have not approached them yet.","50 people around 8-10 tables;The session could also be done in an ""untabled"" room if there was wall space for 10 groups - but it would take longer to set up","I did a series of more than 50 national engagement workshops for Defra all over the country with numbers ranging from 40-100 per event. The larger the group, the simpler I try to make the exercises to limit the need for individual table support.","Pairs discussion;Card sort type activities;Case study;Neuland pinpoint cards rather than post-its","I use an ""on entry"" exercise either as people coming into the room or as they join their table, designed to allow them to both give something from themselves and receive from others.  Once we start the actual session everyone will be writing ideas down to contribute to the exercise, in less than 10 minutes. They will also find themselves having to think about either TOAST or a really good CUP OF TEA","I started facilitating in the 1990s doing business workshops for London Underground and have since developed my facilitation skills as part of my wider role as a management consultant.  My three most significant learngin experiences that have shaped how I facilitate today were acting as the host for a national industry group over 2 years following a major rail incident, working a facilitator for 5 years in a multi-national charity, leading groups with 10 or more nationalities and finally studying group dynamics and organisational change with a leading international group with origins in MIT.","Yes","Certified Proffesional Facilitator","I spent 5 years working in East Asia with a multi-national organisation where we had 23 nationalities involved in the leadership groups that I had to facilitate. Language needs to be clear, key instruction need to be duplicated on screen/paper/other media as well as given verbally.  Depending on the mix of first languages present, I have also done sessions where some tables chose to work in a language other than English.","Count Binface","","England and Wales","White European","The end in sight","No","Male","If selected I know I must order a ticket for the conference and will do this if my session is confirmed","tba"
"2026/08/28 12:43:28 PM GMT+3","helene@jewellfacilitation.com","Friday 9  April from 9.30 to 16.30;Saturday 10 April from 9.00 to 16.30","How to swim the English Channel doing doggy paddle","It'll be fun","CHALLENGE","Dance and sing","Highlighting a new or under used faciliation skill or technique;Give a facilitated experience of an approach;Strengthen facilitation practice","Cats","with a co-facilitator","I am very flexible, this session will work with any group size and room set up","ooh now......","Reflective pauses - when participants work on their own for short periods;Drama;singing and playing the kazoo","drink coffee","I can't remember","Yes","IAF CPF | Certified Profesional Facilitator","If I am from Spain for example then it is all in Spanish so lots of experience is the answer.....we may need to re-word this question slightly","Jellyfish Jones","Fred the Lobster","Somewhere nice","White European","Mid career","No","Just testing this","If selected I know I must order a ticket for the conference and will do this if my session is confirmed",""